{"_wandb": {"runtime": 27}, "collection/agents/reward/reward_min": -1.5111898183822632, "collection/agents/reward/reward_mean": -0.316491037607193, "collection/agents/reward/reward_max": 0.3550772964954376, "collection/agents/reward/episode_reward_min": -212.76666259765625, "collection/agents/reward/episode_reward_mean": -63.29821014404297, "collection/agents/reward/episode_reward_max": 0.8750499486923218, "collection/agents/info/reward": -0.631937563419342, "collection/reward/episode_reward_min": -176.61788940429688, "collection/reward/episode_reward_mean": -63.2982063293457, "collection/reward/episode_reward_max": 0.5443352460861206, "_timestamp": 1711361208.8218098, "_runtime": 28.44717788696289, "_step": 0}