{"collection/nav_agents/reward/reward_min": -0.38927191495895386, "collection/nav_agents/reward/reward_mean": 0.014244405552744865, "collection/nav_agents/reward/reward_max": 0.6941622495651245, "collection/nav_agents/reward/episode_reward_min": -47.71971130371094, "collection/nav_agents/reward/episode_reward_mean": 1.5352593660354614, "collection/nav_agents/reward/episode_reward_max": 16.744125366210938, "collection/nav_agents/info/nav_shaping": 0.009974032640457153, "collection/nav_agents/info/agent_final": 0.016148148104548454, "collection/nav_agents/info/final_pos_rew": 0.0022333336528390646, "collection/nav_agents/info/final_reward": 0.004333333112299442, "collection/speakers/reward/reward_min": 0.2260265350341797, "collection/speakers/reward/reward_mean": 0.2795741558074951, "collection/speakers/reward/reward_max": 1.066665768623352, "collection/speakers/reward/episode_reward_min": 11.055818557739258, "collection/speakers/reward/episode_reward_mean": 24.05065155029297, "collection/speakers/reward/episode_reward_max": 80.80001831054688, "collection/speakers/info/coms_shaping": 0.010740802623331547, "collection/speakers/info/cumulative": 0.0, "collection/speakers/info/agent_final": 0.06666667014360428, "collection/speakers/info/final_coms_rew": 0.1978333592414856, "collection/speakers/info/final_reward": 0.004333333112299442, "collection/listeners/reward/reward_min": -0.16767868399620056, "collection/listeners/reward/reward_mean": 0.26568543910980225, "collection/listeners/reward/reward_max": 1.0350620746612549, "collection/listeners/reward/episode_reward_min": 8.860136985778809, "collection/listeners/reward/episode_reward_mean": 22.72722053527832, "collection/listeners/reward/episode_reward_max": 79.82880401611328, "collection/listeners/info/mix_shaping": 0.010263217613101006, "collection/listeners/info/cumulative": 0.0, "collection/listeners/info/agent_final": 0.06452222168445587, "collection/listeners/info/final_mix_rew": 0.18656671047210693, "collection/listeners/info/final_reward": 0.004333333112299442, "collection/reward/episode_reward_min": 7.672082901000977, "collection/reward/episode_reward_mean": 16.10437774658203, "collection/reward/episode_reward_max": 56.67240524291992, "_timestamp": 1723257668.31824, "train/nav_agents/target_value_max": 1.5028290748596191, "train/nav_agents/grad_norm_loss_value": 0.19387546181678772, "train/nav_agents/target_value": 0.25500184297561646, "train/nav_agents/loss_actor": -0.27090197801589966, "train/nav_agents/td_error": 0.006587409880012274, "train/nav_agents/loss_value": 0.006587410811334848, "train/nav_agents/grad_norm_loss_actor": 0.006058659870177507, "train/nav_agents/pred_value": 0.2549574375152588, "train/nav_agents/pred_value_max": 1.447127342224121, "train/speakers/target_value_max": 3.2565693855285645, "train/speakers/grad_norm_loss_value": 0.26769402623176575, "train/speakers/target_value": 2.5240814685821533, "train/speakers/loss_actor": -2.5280704498291016, "train/speakers/td_error": 0.021514762192964554, "train/speakers/loss_value": 0.021514760330319405, "train/speakers/grad_norm_loss_actor": 0.005040302406996489, "train/speakers/pred_value": 2.524155616760254, "train/speakers/pred_value_max": 3.2545039653778076, "train/listeners/target_value_max": 2.865680694580078, "train/listeners/grad_norm_loss_value": 0.5288187265396118, "train/listeners/target_value": 2.421262264251709, "train/listeners/loss_actor": -2.4330220222473145, "train/listeners/td_error": 0.0381743460893631, "train/listeners/loss_value": 0.0381743460893631, "train/listeners/grad_norm_loss_actor": 0.17316031455993652, "train/listeners/pred_value": 2.4213054180145264, "train/listeners/pred_value_max": 2.6582276821136475, "timers/evaluation_time": 8.464766025543213, "eval/nav_agents/reward/episode_reward_min": -27.986543655395508, "eval/nav_agents/reward/episode_reward_mean": 0.036224889755249026, "eval/nav_agents/reward/episode_reward_max": 12.394612312316895, "eval/speakers/reward/episode_reward_min": 13.99999713897705, "eval/speakers/reward/episode_reward_mean": 32.026666927337644, "eval/speakers/reward/episode_reward_max": 80.80000305175781, "eval/listeners/reward/episode_reward_min": 12.41294002532959, "eval/listeners/reward/episode_reward_mean": 30.231103038787843, "eval/listeners/reward/episode_reward_max": 79.75809478759766, "eval/reward/episode_reward_min": 9.884869575500488, "eval/reward/episode_reward_mean": 20.764665603637695, "eval/reward/episode_reward_max": 57.1390266418457, "eval/reward/episode_len_mean": 116.2, "eval/video": {"_type": "video-file", "sha256": "e2016ea6076faddbea4e94cce2fb9b09af989e4ca6397859cdd8dafd99ad511c", "size": 630626, "path": "media/videos/eval/video_1999_e2016ea6076faddbea4e.mp4", "width": 1400, "height": 1400}, "timers/collection_time": 4.341648101806641, "timers/training_time": 10.655595064163208, "timers/iteration_time": 27.93328309059143, "timers/total_time": 33660.308008909225, "counters/current_frames": 6000, "counters/total_frames": 12000000, "counters/iter": 1999, "_runtime": 37448.818972826004, "_step": 1999, "_wandb": {"runtime": 37447}}