{"collection/nav_agents/reward/reward_min": -0.4050324857234955, "collection/nav_agents/reward/reward_mean": 0.01550345215946436, "collection/nav_agents/reward/reward_max": 0.6889011859893799, "collection/nav_agents/reward/episode_reward_min": -10.66746711730957, "collection/nav_agents/reward/episode_reward_mean": 2.7039051055908203, "collection/nav_agents/reward/episode_reward_max": 18.533222198486328, "collection/nav_agents/info/nav_shaping": 0.005610858555883169, "collection/nav_agents/info/agent_final": 0.020270371809601784, "collection/nav_agents/info/final_pos_rew": 0.0009666666737757623, "collection/nav_agents/info/final_reward": 0.0019333333475515246, "collection/mix_agents/reward/reward_min": -0.0851227268576622, "collection/mix_agents/reward/reward_mean": 0.26685455441474915, "collection/mix_agents/reward/reward_max": 1.0395770072937012, "collection/mix_agents/reward/episode_reward_min": 9.42258071899414, "collection/mix_agents/reward/episode_reward_mean": 42.229949951171875, "collection/mix_agents/reward/episode_reward_max": 80.11791229248047, "collection/mix_agents/info/mix_shaping": 0.00616193562746048, "collection/mix_agents/info/cumulative": 0.0, "collection/mix_agents/info/agent_final": 0.06552592664957047, "collection/mix_agents/info/final_mix_rew": 0.19323334097862244, "collection/mix_agents/info/final_reward": 0.0019333333475515246, "collection/reward/episode_reward_min": 5.679889678955078, "collection/reward/episode_reward_mean": 22.4669246673584, "collection/reward/episode_reward_max": 45.759552001953125, "_timestamp": 1721900516.6025949, "train/nav_agents/pred_value_max": 2.4365243911743164, "train/nav_agents/td_error": 0.009661312215030193, "train/nav_agents/target_value_max": 2.4600298404693604, "train/nav_agents/loss_value": 0.009661312215030193, "train/nav_agents/loss_actor": -0.2850499451160431, "train/nav_agents/target_value": 0.27451133728027344, "train/nav_agents/pred_value": 0.27451497316360474, "train/nav_agents/grad_norm_loss_actor": 0.007019493263214827, "train/nav_agents/grad_norm_loss_value": 0.20873264968395233, "train/mix_agents/pred_value_max": 2.555185556411743, "train/mix_agents/td_error": 0.04251112416386604, "train/mix_agents/target_value_max": 2.754065990447998, "train/mix_agents/loss_value": 0.04251112416386604, "train/mix_agents/loss_actor": -2.3420963287353516, "train/mix_agents/target_value": 2.3261938095092773, "train/mix_agents/pred_value": 2.3261876106262207, "train/mix_agents/grad_norm_loss_actor": 0.1397128701210022, "train/mix_agents/grad_norm_loss_value": 0.44555988907814026, "timers/evaluation_time": 24.240495204925537, "eval/nav_agents/reward/episode_reward_min": -37.064735412597656, "eval/nav_agents/reward/episode_reward_mean": 3.167283553779125, "eval/nav_agents/reward/episode_reward_max": 61.83396530151367, "eval/mix_agents/reward/episode_reward_min": 7.5108771324157715, "eval/mix_agents/reward/episode_reward_mean": 38.20686635494232, "eval/mix_agents/reward/episode_reward_max": 80.01229095458984, "eval/reward/episode_reward_min": 5.497072696685791, "eval/reward/episode_reward_mean": 20.687074661254883, "eval/reward/episode_reward_max": 44.21018981933594, "eval/reward/episode_len_mean": 152.72, "timers/collection_time": 42.17030191421509, "timers/training_time": 26.191012620925903, "timers/iteration_time": 92.94426083564758, "timers/total_time": 71190.0694141388, "counters/current_frames": 6000, "counters/total_frames": 6000000, "counters/iter": 999, "_runtime": 71212.13949584961, "_step": 999, "_wandb": {"runtime": 71212}}