{
  "collection/nav_agents/reward/reward_min": -0.41241174936294556,
  "collection/nav_agents/reward/reward_mean": 0.015876587480306625,
  "collection/nav_agents/reward/reward_max": 0.7051752805709839,
  "collection/nav_agents/reward/episode_reward_min": -24.563936233520508,
  "collection/nav_agents/reward/episode_reward_mean": 1.6276869773864746,
  "collection/nav_agents/reward/episode_reward_max": 16.61707305908203,
  "collection/nav_agents/info/nav_shaping": 0.009383994154632092,
  "collection/nav_agents/info/agent_final": 0.01568148098886013,
  "collection/nav_agents/info/final_pos_rew": 0.0022333331871777773,
  "collection/nav_agents/info/final_reward": 0.003933333326131105,
  "collection/mix_agents/reward/reward_min": -0.49220550060272217,
  "collection/mix_agents/reward/reward_mean": 0.2627333998680115,
  "collection/mix_agents/reward/reward_max": 1.0297105312347412,
  "collection/mix_agents/reward/episode_reward_min": 1.6475666761398315,
  "collection/mix_agents/reward/episode_reward_mean": 24.223857879638672,
  "collection/mix_agents/reward/episode_reward_max": 80.03801727294922,
  "collection/mix_agents/info/mix_shaping": 0.009633378125727177,
  "collection/mix_agents/info/cumulative": 0.0,
  "collection/mix_agents/info/agent_final": 0.06376667320728302,
  "collection/mix_agents/info/final_mix_rew": 0.18540000915527344,
  "collection/mix_agents/info/final_reward": 0.003933333326131105,
  "collection/reward/episode_reward_min": 5.8142828941345215,
  "collection/reward/episode_reward_mean": 12.925772666931152,
  "collection/reward/episode_reward_max": 44.36821746826172,
  "_timestamp": 1721914510.6984148,
  "train/nav_agents/td_error": 0.007868137210607529,
  "train/nav_agents/target_value": 0.32436174154281616,
  "train/nav_agents/grad_norm_loss_actor": 0.006231642793864012,
  "train/nav_agents/pred_value": 0.32432040572166443,
  "train/nav_agents/grad_norm_loss_value": 0.11804284900426865,
  "train/nav_agents/pred_value_max": 2.1012942790985107,
  "train/nav_agents/loss_value": 0.007868138141930103,
  "train/nav_agents/loss_actor": -0.3304700553417206,
  "train/nav_agents/target_value_max": 2.1511998176574707,
  "train/mix_agents/td_error": 0.04610666260123253,
  "train/mix_agents/target_value": 2.2707855701446533,
  "train/mix_agents/grad_norm_loss_actor": 0.13744977116584778,
  "train/mix_agents/pred_value": 2.2707250118255615,
  "train/mix_agents/grad_norm_loss_value": 0.46591416001319885,
  "train/mix_agents/pred_value_max": 2.8156180381774902,
  "train/mix_agents/loss_value": 0.046106670051813126,
  "train/mix_agents/loss_actor": -2.2804481983184814,
  "train/mix_agents/target_value_max": 2.9051921367645264,
  "timers/evaluation_time": 27.259395122528076,
  "eval/nav_agents/reward/episode_reward_min": -6.306603908538818,
  "eval/nav_agents/reward/episode_reward_mean": 4.79582926787436,
  "eval/nav_agents/reward/episode_reward_max": 65.40503692626953,
  "eval/mix_agents/reward/episode_reward_min": 10.494638442993164,
  "eval/mix_agents/reward/episode_reward_mean": 24.49601016044617,
  "eval/mix_agents/reward/episode_reward_max": 80.0296859741211,
  "eval/reward/episode_reward_min": 6.155716896057129,
  "eval/reward/episode_reward_mean": 14.645918846130371,
  "eval/reward/episode_reward_max": 45.796417236328125,
  "eval/reward/episode_len_mean": 111.67,
  "timers/collection_time": 44.242536783218384,
  "timers/training_time": 32.23590660095215,
  "timers/iteration_time": 104.07041430473328,
  "timers/total_time": 82380.66824889183,
  "counters/current_frames": 6000,
  "counters/total_frames": 6000000,
  "counters/iter": 999,
  "_runtime": 82402.36596369743,
  "_step": 999,
  "_wandb": {
    "runtime": 82403
  }
}