{"collection/nav_agents/reward/reward_min": -0.4134046733379364, "collection/nav_agents/reward/reward_mean": 0.09378192573785782, "collection/nav_agents/reward/reward_max": 0.6876105666160583, "collection/nav_agents/reward/episode_reward_min": -19.241262435913086, "collection/nav_agents/reward/episode_reward_mean": 13.087434768676758, "collection/nav_agents/reward/episode_reward_max": 70.77196502685547, "collection/nav_agents/info/nav_shaping": 0.007456003688275814, "collection/nav_agents/info/agent_final": 0.03118148073554039, "collection/nav_agents/info/final_pos_rew": 0.06136667728424072, "collection/nav_agents/info/final_reward": 0.0028000003658235073, "collection/speakers/reward/reward_min": -0.13181105256080627, "collection/speakers/reward/reward_mean": 0.2721806764602661, "collection/speakers/reward/reward_max": 1.0460665225982666, "collection/speakers/reward/episode_reward_min": 9.649666786193848, "collection/speakers/reward/episode_reward_mean": 34.77304458618164, "collection/speakers/reward/episode_reward_max": 80.5643081665039, "collection/speakers/info/coms_shaping": 0.008054781705141068, "collection/speakers/info/cumulative": 0.0, "collection/speakers/info/agent_final": 0.06602592021226883, "collection/speakers/info/final_coms_rew": 0.19530002772808075, "collection/speakers/info/final_reward": 0.0028000003658235073, "collection/listeners/reward/reward_min": -2.084826707839966, "collection/listeners/reward/reward_mean": 0.14116597175598145, "collection/listeners/reward/reward_max": 1.986632227897644, "collection/listeners/reward/episode_reward_min": 0.5176120400428772, "collection/listeners/reward/episode_reward_mean": 16.341169357299805, "collection/listeners/reward/episode_reward_max": 79.9806900024414, "collection/listeners/info/mix_shaping": 0.0068067158572375774, "collection/listeners/info/cumulative": 0.0, "collection/listeners/info/agent_final": 0.04642592370510101, "collection/listeners/info/final_mix_rew": 0.08513335138559341, "collection/listeners/info/final_reward": 0.0028000003658235073, "collection/reward/episode_reward_min": 6.629353046417236, "collection/reward/episode_reward_mean": 21.400548934936523, "collection/reward/episode_reward_max": 56.58552169799805, "_timestamp": 1723586403.479392, "train/nav_agents/loss_actor": -1.1777852773666382, "train/nav_agents/loss_value": 0.01905730552971363, "train/nav_agents/pred_value_max": 2.916269540786743, "train/nav_agents/pred_value": 1.1653594970703125, "train/nav_agents/grad_norm_loss_actor": 0.03724366053938866, "train/nav_agents/grad_norm_loss_value": 0.33917418122291565, "train/nav_agents/td_error": 0.01905730366706848, "train/nav_agents/target_value_max": 2.9229977130889893, "train/nav_agents/target_value": 1.1653095483779907, "train/speakers/loss_actor": -2.5715394020080566, "train/speakers/loss_value": 0.028280479833483696, "train/speakers/pred_value_max": 3.017308235168457, "train/speakers/pred_value": 2.564317464828491, "train/speakers/grad_norm_loss_actor": 0.06451936066150665, "train/speakers/grad_norm_loss_value": 0.4451466202735901, "train/speakers/td_error": 0.028280479833483696, "train/speakers/target_value_max": 3.0753676891326904, "train/speakers/target_value": 2.5644261837005615, "train/listeners/loss_actor": -1.4294995069503784, "train/listeners/loss_value": 0.041627053171396255, "train/listeners/pred_value_max": 2.8968470096588135, "train/listeners/pred_value": 1.3769280910491943, "train/listeners/grad_norm_loss_actor": 0.1776195913553238, "train/listeners/grad_norm_loss_value": 0.5329674482345581, "train/listeners/td_error": 0.04162704572081566, "train/listeners/target_value_max": 3.0349318981170654, "train/listeners/target_value": 1.3770334720611572, "timers/evaluation_time": 8.506330966949463, "eval/nav_agents/reward/episode_reward_min": 0.5527926683425903, "eval/nav_agents/reward/episode_reward_mean": 26.261723744869233, "eval/nav_agents/reward/episode_reward_max": 65.46514129638672, "eval/speakers/reward/episode_reward_min": 14.360884666442871, "eval/speakers/reward/episode_reward_mean": 43.89770975112915, "eval/speakers/reward/episode_reward_max": 80.52056884765625, "eval/listeners/reward/episode_reward_min": 7.441380977630615, "eval/listeners/reward/episode_reward_mean": 15.281263303756713, "eval/listeners/reward/episode_reward_max": 23.043319702148438, "eval/reward/episode_reward_min": 9.418931007385254, "eval/reward/episode_reward_mean": 28.4802303314209, "eval/reward/episode_reward_max": 53.33560562133789, "eval/reward/episode_len_mean": 161.9, "eval/video": {"_type": "video-file", "sha256": "5c8769796ceac49f573d05110d9b5278ee6600127d6bd8fa82a68e37c3ea7804", "size": 220737, "path": "media/videos/eval/video_1999_5c8769796ceac49f573d.mp4", "width": 1400, "height": 1400}, "timers/collection_time": 4.122020721435547, "timers/training_time": 9.951565027236938, "timers/iteration_time": 23.982393741607666, "timers/total_time": 44037.372366666794, "counters/current_frames": 6000, "counters/total_frames": 12000000, "counters/iter": 1999, "_runtime": 48711.69889211655, "_step": 1999, "_wandb": {"runtime": 48712}}