{"collection/nav_agents/reward/reward_min": -0.3976236879825592, "collection/nav_agents/reward/reward_mean": 0.14612260460853577, "collection/nav_agents/reward/reward_max": 0.680873692035675, "collection/nav_agents/reward/episode_reward_min": -9.08786678314209, "collection/nav_agents/reward/episode_reward_mean": 30.521135330200195, "collection/nav_agents/reward/episode_reward_max": 66.84801483154297, "collection/nav_agents/info/nav_shaping": 0.004889262840151787, "collection/nav_agents/info/agent_final": 0.04163333773612976, "collection/nav_agents/info/final_pos_rew": 0.1061333492398262, "collection/nav_agents/info/final_reward": 0.00046666665002703667, "collection/speakers/reward/reward_min": -0.30566421151161194, "collection/speakers/reward/reward_mean": 0.09943921864032745, "collection/speakers/reward/reward_max": 1.0472583770751953, "collection/speakers/reward/episode_reward_min": 0.47664883732795715, "collection/speakers/reward/episode_reward_mean": 19.394575119018555, "collection/speakers/reward/episode_reward_max": 79.00439453125, "collection/speakers/info/coms_shaping": 0.004579943139106035, "collection/speakers/info/cumulative": 0.0, "collection/speakers/info/agent_final": 0.04359259828925133, "collection/speakers/info/final_coms_rew": 0.05080000311136246, "collection/speakers/info/final_reward": 0.00046666665002703667, "collection/listeners/reward/reward_min": -0.7589161396026611, "collection/listeners/reward/reward_mean": 0.06766138970851898, "collection/listeners/reward/reward_max": 1.2395137548446655, "collection/listeners/reward/episode_reward_min": 0.143817737698555, "collection/listeners/reward/episode_reward_mean": 12.323308944702148, "collection/listeners/reward/episode_reward_max": 27.477500915527344, "collection/listeners/info/mix_shaping": 0.0037762040738016367, "collection/listeners/info/cumulative": 0.0, "collection/listeners/info/agent_final": 0.038151856511831284, "collection/listeners/info/final_mix_rew": 0.02526666969060898, "collection/listeners/info/final_reward": 0.00046666665002703667, "collection/reward/episode_reward_min": 3.650651216506958, "collection/reward/episode_reward_mean": 20.746341705322266, "collection/reward/episode_reward_max": 48.309452056884766, "_timestamp": 1723502562.678119, "train/nav_agents/target_value_max": 2.8093912601470947, "train/nav_agents/grad_norm_loss_actor": 0.042088817805051804, "train/nav_agents/pred_value_max": 2.8067514896392822, "train/nav_agents/target_value": 1.2887358665466309, "train/nav_agents/loss_actor": -1.3151098489761353, "train/nav_agents/grad_norm_loss_value": 0.5296555757522583, "train/nav_agents/td_error": 0.02380354329943657, "train/nav_agents/loss_value": 0.02380353957414627, "train/nav_agents/pred_value": 1.2887612581253052, "train/speakers/target_value_max": 2.703233242034912, "train/speakers/grad_norm_loss_actor": 0.10640205442905426, "train/speakers/pred_value_max": 2.659884452819824, "train/speakers/target_value": 1.0118886232376099, "train/speakers/loss_actor": -1.0317116975784302, "train/speakers/grad_norm_loss_value": 0.380993127822876, "train/speakers/td_error": 0.014197059907019138, "train/speakers/loss_value": 0.014197059907019138, "train/speakers/pred_value": 1.0119450092315674, "train/listeners/target_value_max": 2.732318878173828, "train/listeners/grad_norm_loss_actor": 0.17438291013240814, "train/listeners/pred_value_max": 2.627687454223633, "train/listeners/target_value": 1.1990675926208496, "train/listeners/loss_actor": -1.2501220703125, "train/listeners/grad_norm_loss_value": 0.5568336248397827, "train/listeners/td_error": 0.024636929854750633, "train/listeners/loss_value": 0.024636929854750633, "train/listeners/pred_value": 1.1990852355957031, "timers/evaluation_time": 8.461538791656494, "eval/nav_agents/reward/episode_reward_min": -0.9998844265937805, "eval/nav_agents/reward/episode_reward_mean": 39.61643761992455, "eval/nav_agents/reward/episode_reward_max": 69.91010284423828, "eval/speakers/reward/episode_reward_min": 3.013179063796997, "eval/speakers/reward/episode_reward_mean": 24.23009498119354, "eval/speakers/reward/episode_reward_max": 79.97085571289062, "eval/listeners/reward/episode_reward_min": 0.9330296516418457, "eval/listeners/reward/episode_reward_mean": 12.397711455821991, "eval/listeners/reward/episode_reward_max": 26.636503219604492, "eval/reward/episode_reward_min": 5.962697505950928, "eval/reward/episode_reward_mean": 25.414749145507812, "eval/reward/episode_reward_max": 48.47701644897461, "eval/reward/episode_len_mean": 235.0, "eval/video": {"_type": "video-file", "sha256": "f6bbd1add5e5f981b6ed9ef28b66f195f532957b461f669caef3f09573ad2ddb", "size": 436380, "path": "media/videos/eval/video_1999_f6bbd1add5e5f981b6ed.mp4", "width": 1400, "height": 1400}, "timers/collection_time": 4.059920072555542, "timers/training_time": 11.694690704345703, "timers/iteration_time": 28.783689975738525, "timers/total_time": 37121.268317222595, "counters/current_frames": 6000, "counters/total_frames": 12000000, "counters/iter": 1999, "_runtime": 40790.35353899002, "_step": 1999, "_wandb": {"runtime": 40791}}