{"collection/nav_agents/reward/reward_min": -0.4062001407146454, "collection/nav_agents/reward/reward_mean": 0.009081589989364147, "collection/nav_agents/reward/reward_max": 0.6850688457489014, "collection/nav_agents/reward/episode_reward_min": -43.620819091796875, "collection/nav_agents/reward/episode_reward_mean": 0.9107148051261902, "collection/nav_agents/reward/episode_reward_max": 19.464563369750977, "collection/nav_agents/info/nav_shaping": 0.006240847986191511, "collection/nav_agents/info/agent_final": 0.021807407960295677, "collection/nav_agents/info/final_pos_rew": 0.0009000000427477062, "collection/nav_agents/info/final_reward": 0.0017333332216367126, "collection/speakers/reward/reward_min": 0.2278682291507721, "collection/speakers/reward/reward_mean": 0.2737935483455658, "collection/speakers/reward/reward_max": 1.066665768623352, "collection/speakers/reward/episode_reward_min": 11.31403923034668, "collection/speakers/reward/episode_reward_mean": 39.80065155029297, "collection/speakers/reward/episode_reward_max": 80.80001831054688, "collection/speakers/info/coms_shaping": 0.006760195828974247, "collection/speakers/info/cumulative": 0.0, "collection/speakers/info/agent_final": 0.06666667014360428, "collection/speakers/info/final_coms_rew": 0.1986333727836609, "collection/speakers/info/final_reward": 0.0017333332216367126, "collection/listeners/reward/reward_min": -1.7875970602035522, "collection/listeners/reward/reward_mean": 0.23274265229701996, "collection/listeners/reward/reward_max": 2.0357306003570557, "collection/listeners/reward/episode_reward_min": 5.7736616134643555, "collection/listeners/reward/episode_reward_mean": 33.82778549194336, "collection/listeners/reward/episode_reward_max": 80.06749725341797, "collection/listeners/info/mix_shaping": 0.0063833934254944324, "collection/listeners/info/cumulative": 0.0, "collection/listeners/info/agent_final": 0.06089259684085846, "collection/listeners/info/final_mix_rew": 0.1637333482503891, "collection/listeners/info/final_reward": 0.0017333332216367126, "collection/reward/episode_reward_min": 7.629842281341553, "collection/reward/episode_reward_mean": 24.846384048461914, "collection/reward/episode_reward_max": 57.21282958984375, "_timestamp": 1723304937.275622, "train/nav_agents/grad_norm_loss_value": 0.18442024290561676, "train/nav_agents/target_value": 0.3023512661457062, "train/nav_agents/grad_norm_loss_actor": 0.008105508983135223, "train/nav_agents/loss_value": 0.00707161845639348, "train/nav_agents/td_error": 0.007071619853377342, "train/nav_agents/pred_value_max": 1.3126415014266968, "train/nav_agents/target_value_max": 1.4062790870666504, "train/nav_agents/loss_actor": -0.3150767982006073, "train/nav_agents/pred_value": 0.3023452162742615, "train/speakers/grad_norm_loss_value": 0.2800588607788086, "train/speakers/target_value": 2.5513875484466553, "train/speakers/grad_norm_loss_actor": 0.003906725440174341, "train/speakers/loss_value": 0.02616792730987072, "train/speakers/td_error": 0.02616792358458042, "train/speakers/pred_value_max": 3.2204644680023193, "train/speakers/target_value_max": 3.228943347930908, "train/speakers/loss_actor": -2.559406042098999, "train/speakers/pred_value": 2.5513534545898438, "train/listeners/grad_norm_loss_value": 0.502056360244751, "train/listeners/target_value": 2.3707709312438965, "train/listeners/grad_norm_loss_actor": 0.13132138550281525, "train/listeners/loss_value": 0.0405380018055439, "train/listeners/td_error": 0.0405380018055439, "train/listeners/pred_value_max": 2.7018187046051025, "train/listeners/target_value_max": 2.8004202842712402, "train/listeners/loss_actor": -2.3918063640594482, "train/listeners/pred_value": 2.370731830596924, "timers/evaluation_time": 8.501187801361084, "eval/nav_agents/reward/episode_reward_min": -14.68458080291748, "eval/nav_agents/reward/episode_reward_mean": -0.4825893521308899, "eval/nav_agents/reward/episode_reward_max": 5.978186130523682, "eval/speakers/reward/episode_reward_min": 18.0, "eval/speakers/reward/episode_reward_mean": 46.61333465576172, "eval/speakers/reward/episode_reward_max": 80.80000305175781, "eval/listeners/reward/episode_reward_min": 13.885672569274902, "eval/listeners/reward/episode_reward_mean": 26.443478202819826, "eval/listeners/reward/episode_reward_max": 79.72289276123047, "eval/reward/episode_reward_min": 11.966004371643066, "eval/reward/episode_reward_mean": 24.191410064697266, "eval/reward/episode_reward_max": 48.61277389526367, "eval/reward/episode_len_mean": 170.9, "eval/video": {"_type": "video-file", "sha256": "edc5e5e18163b2ae51f14814a79bb259f9066e7f503782c95b9e2064c0b23225", "size": 245464, "path": "media/videos/eval/video_1999_edc5e5e18163b2ae51f1.mp4", "width": 1400, "height": 1400}, "timers/collection_time": 4.241252660751343, "timers/training_time": 10.598911046981812, "timers/iteration_time": 24.968032836914062, "timers/total_time": 31557.44330596924, "counters/current_frames": 6000, "counters/total_frames": 12000000, "counters/iter": 1999, "_runtime": 35075.37240600586, "_step": 1999, "_wandb": {"runtime": 35076}}