{"collection/nav_agents/reward/reward_min": -0.41835102438926697, "collection/nav_agents/reward/reward_mean": 0.006787636782974005, "collection/nav_agents/reward/reward_max": 0.7009946703910828, "collection/nav_agents/reward/episode_reward_min": -48.166324615478516, "collection/nav_agents/reward/episode_reward_mean": 0.3403449058532715, "collection/nav_agents/reward/episode_reward_max": 17.48356819152832, "collection/nav_agents/info/nav_shaping": 0.010802450589835644, "collection/nav_agents/info/agent_final": 0.011618519201874733, "collection/nav_agents/info/final_pos_rew": 0.0024999999441206455, "collection/nav_agents/info/final_reward": 0.0049333334900438786, "collection/mix_agents/reward/reward_min": -0.5749166011810303, "collection/mix_agents/reward/reward_mean": 0.26400548219680786, "collection/mix_agents/reward/reward_max": 1.032505989074707, "collection/mix_agents/reward/episode_reward_min": 5.600853443145752, "collection/mix_agents/reward/episode_reward_mean": 22.247692108154297, "collection/mix_agents/reward/episode_reward_max": 79.99820709228516, "collection/mix_agents/info/mix_shaping": 0.011549931019544601, "collection/mix_agents/info/cumulative": 0.0, "collection/mix_agents/info/agent_final": 0.06408889591693878, "collection/mix_agents/info/final_mix_rew": 0.18343335390090942, "collection/mix_agents/info/final_reward": 0.0049333334900438786, "collection/reward/episode_reward_min": 4.3896660804748535, "collection/reward/episode_reward_mean": 11.294018745422363, "collection/reward/episode_reward_max": 29.147586822509766, "_timestamp": 1721912014.32759, "train/nav_agents/pred_value_max": 1.3772470951080322, "train/nav_agents/target_value_max": 1.4926233291625977, "train/nav_agents/grad_norm_loss_actor": 0.007735523395240307, "train/nav_agents/grad_norm_loss_value": 0.18374033272266388, "train/nav_agents/target_value": 0.29204124212265015, "train/nav_agents/pred_value": 0.29206109046936035, "train/nav_agents/loss_value": 0.0073731206357479095, "train/nav_agents/loss_actor": -0.30516475439071655, "train/nav_agents/td_error": 0.0073731206357479095, "train/mix_agents/pred_value_max": 2.6018645763397217, "train/mix_agents/target_value_max": 2.7989208698272705, "train/mix_agents/grad_norm_loss_actor": 0.1557319164276123, "train/mix_agents/grad_norm_loss_value": 0.5133155584335327, "train/mix_agents/target_value": 2.3806965351104736, "train/mix_agents/pred_value": 2.38071608543396, "train/mix_agents/loss_value": 0.04444441944360733, "train/mix_agents/loss_actor": -2.392784357070923, "train/mix_agents/td_error": 0.04444441571831703, "timers/evaluation_time": 32.10792636871338, "eval/nav_agents/reward/episode_reward_min": -33.42133712768555, "eval/nav_agents/reward/episode_reward_mean": 0.5454085995815694, "eval/nav_agents/reward/episode_reward_max": 7.02204704284668, "eval/mix_agents/reward/episode_reward_min": 7.508448600769043, "eval/mix_agents/reward/episode_reward_mean": 21.383557453155518, "eval/mix_agents/reward/episode_reward_max": 80.2217025756836, "eval/reward/episode_reward_min": -9.771528244018555, "eval/reward/episode_reward_mean": 10.964482307434082, "eval/reward/episode_reward_max": 33.810306549072266, "eval/reward/episode_len_mean": 85.68, "timers/collection_time": 46.60555624961853, "timers/training_time": 30.98510241508484, "timers/iteration_time": 110.05309057235718, "timers/total_time": 79884.53587269783, "counters/current_frames": 6000, "counters/total_frames": 6000000, "counters/iter": 999, "_runtime": 79905.99427700043, "_step": 999, "_wandb": {"runtime": 79906}}